Category,Accuracy
Original,0.5
noise,0.542713567839196
jpeg,0.4949748743718593
dpi,0.5376884422110553
crop,0.5174129353233831
bit,0.49748743718592964
